<?xml version="1.0" encoding="UTF-8"?>
<beans xmlns="http://www.springframework.org/schema/beans"
	xmlns:xsi="http://www.w3.org/2001/XMLSchema-instance"
	xsi:schemaLocation="http://www.springframework.org/schema/beans http://www.springframework.org/schema/beans/spring-beans.xsd">
	
	<bean id="jdbcTemplate" class="org.springframework.jdbc.core.JdbcTemplate">
		<property name="dataSource" ref="dataSource"/>
	</bean>

	<beans profile="dev,test">
		<bean id="dataSource"
			class="org.springframework.jdbc.datasource.SingleConnectionDataSource">
			<property name="driverClassName" value="org.h2.Driver" />
			<property name="url" value="jdbc:h2:mem:test" />
			<property name="username" value="sa" />
			<property name="password" value="" />
		</bean>
	</beans>

	<beans profile="prod">
		<bean id="dataSource" class="org.springframework.jndi.JndiObjectFactoryBean">
			<property name="jndiName" value="java:comp/env/jdbc/DS" />
		</bean>
	</beans>
</beans>
